party,selected_topics_mean,all_topics_mean,selected_topics_SD,all_topics_SD
topic_contentiousness_scaled,0.6326762822438207,0.6037606805563073,0.0906591550531794,0.09364550550865912
topic_polarization,0.31104147430093854,0.30574369246956806,0.19676052696399496,0.1723682800046316
topic_mean_identity_threat,0.23234481177866462,0.23610300381854457,0.10208519202515365,0.09676019114953727
